{"_runtime":1124.794726141,"_step":49,"_wandb":{"runtime":1124},"Train Loss":0.05322788267485088,"Val Loss":0.07196973115471857,"Train Accuracy":0.9825396825396825,"Val Accuracy":0.9776190476190476,"_timestamp":1.7335803644703512e+09}